item,FunctionalLoc,FunctionalLoc2,DescriptionFunctionalLoc2,Lv
1,BIC-99-0393W03,BIC-99WD01,DIGITAL WEIGHT BIC(PP3),1
2,BIC-99-0393W04,BIC-99WD02,DIGITAL WEIGHT BIC(PP3),1
3,BIC-99-0393W05,BIC-99WD03,DIGITAL WEIGHT BIC(PP3),1
4,BIC-99-0393W07,BIC-99WD04,DIGITAL WEIGHT BIC(PP3),1
5,BIC-99-0393W08,BIC-99WD05,DIGITAL WEIGHT,1
6,BIC-99-0393W09,BIC-99WD06,DIGITAL WEIGHT,1
7,BIC-99-99A010A,BIC-99A010A-CB01,BAGGING CONTROL CABINET LINE A,1
8,BIC-99-99A010A,BIC-99A010A-MS10G6,MOTOR FOR COIL UNWINDING RIGHT,1
9,BIC-99-99A010A,BIC-99A010A-MS11G6,MOTOR FOR MACHINE ROLLER,1
10,BIC-99-99A010A,BIC-99A010A-MS14T8,MOTOR FOR PENDULUM EMPTY BAG,1
11,BIC-99-99A010A,BIC-99A010A-MS15T8,MOTOR FOR PENDULUM FULL BAG,1
12,BIC-99-99A010A,BIC-99A010A-MS16T8,MOTOR FOR FILM UNWINDING,1
13,BIC-99-99A010A,BIC-99A010A-MS17T8,MOTOR FOR COIL TRANSPORT,1
14,BIC-99-99A010A,BIC-99A010A-MS26C7,MOTOR FOR BLOWER BAG OPENER SUCTION CURS,1
15,BIC-99-99A010A,BIC-99A010A-MS26E7,MOTOR FOR UNLOAD BELT,1
16,BIC-99-99A010A,BIC-99A010A-MS26M7,MOTOR FOR MOUTH BAG COOLING,1
17,BIC-99-99A010A,BIC-99A010A-MS26P7,MOTOR FOR ROLLER ASCENT/DESCENT,1
18,BIC-99-99A010A,BIC-99A010A-MS28C6,MOTOR FOR DEDUSING,1
19,BIC-99-99A010A,BIC-99A010A-MS30C6,MOTOR FOR HYDRAULIC PUMP LEFT,1
20,BIC-99-99A010A,BIC-99A010A-MS30E6,MOTOR FOR HYDRAULIC PUMP RIGHT,1
21,BIC-99-99A010A,BIC-99A010A-MS9G6,MOTOR FOR COIL UNWINDING LEFT,1
22,BIC-99-99A010A,BIC-99A010A-1G221,GEAR FOR CONTINUOS DRAW 99A010A,1
23,BIC-99-99A010A,BIC-99A010A-1G291,GEAR FOR SPACING CONVEYOR 99A010A,1
24,BIC-99-99A010A,BIC-99A010A-1M221,MOTOR FOR CONTINUOS DRAW 99A010A,1
25,BIC-99-99A010A,BIC-99A010A-1M251,MOTOR FOR INTERMITTED DRAW 99A010A,1
26,BIC-99-99A010A,BIC-99A010A-1M291,MOTOR FOR SPACING CONVEYOR 99A010A,1
27,BIC-99-99A010A,BIC-99A010A-2G021,GEAR FOR MAIN DRIVE 99A010A,1
28,BIC-99-99A010A,BIC-99A010A-2G041,GEAR FOR BAG FEED 99A010A,1
29,BIC-99-99A010A,BIC-99A010A-2G091,GEAR FOR OUT FEED CONVEYOR 99A010A,1
30,BIC-99-99A010A,BIC-99A010A-2M021,MOTOR FOR MAIN DRIVE 99A010A,1
31,BIC-99-99A010A,BIC-99A010A-2M041,MOTOR FOR BAG FEED 99A010A,1
32,BIC-99-99A010A,BIC-99A010A-2M051,MOTOR FOR VACUUM 99A010A,1
33,BIC-99-99A010A,BIC-99A010A-2M081,MOTOR FOR BLOWER TOP SEAL 99A010A,1
34,BIC-99-99A010A,BIC-99A010A-2M091,MOTOR FOR OUT FEED CONVEYOR 99A010A,1
35,BIC-99-99A010A,BIC-99A010A-2M092,MOTOR FOR AUX. BLOWER OUTFEED CONV.,1
36,BIC-99-99A010A,BIC-99A010A-3M361,MOTOR FOR OUT FEED CONVEYOR 99A010A,1
37,BIC-99-99A010A,BIC-99A010A-E002,AIR CONTROL BAGGING LINE:A(PP3) 600 W,1
38,BIC-99-99A010A,BIC-99A010A-EB01,BAGGING CONTROL CABINET LINE A 99A010A,1
39,BIC-99-99A010A,BIC-99A010A-W01,BAGGING MACHINE,1
40,BIC-99-99A010A,BIC-99BAG01,BAGGING MACHINE,1
41,BIC-99-99A010A,BIC-99WS01,WEIGHING SCALE,1
42,BIC-99-99A010A,BIC-99WS02,WEIGHING SCALE,1
43,BIC-99-99A010B,BIC-99A010B-E003,AIR CONTROL BAGGING LINE:B(PP3) 600 W,1
44,BIC-99-99A010B,BIC-99A010B-EB01,BAGGING CONTROL CABINET LINE B 99A010B,1
45,BIC-99-99A010B,BIC-99A010B-G36,GEAR FOR AUXILIARY TUBE DRAW 99A010B,1
46,BIC-99-99A010B,BIC-99A010B-G39,GEAR FOR TUBE DRAW 99A010B,1
47,BIC-99-99A010B,BIC-99A010B-G50,GEAR FOR BAG CARRIER 99A010B,1
48,BIC-99-99A010B,BIC-99A010B-G57,GEAR FOR BAGGING CONVEYOR 99A010B,1
49,BIC-99-99A010B,BIC-99A010B-G58,GEAR FOR DELIVERY CONVEYOR 99A010B,1
50,BIC-99-99A010B,BIC-99A010B-G81,GEAR FOR PINHOLD POSITION 99A010B,1
51,BIC-99-99A010B,BIC-99A010B-G82,GEAR FOR CORNER SEAL POINT 99A010B,1
52,BIC-99-99A010B,BIC-99A010B-G83,GEAR FOR CONVEYOR POSITION 99A010B,1
53,BIC-99-99A010B,BIC-99A010B-M36,MOTOR FOR AUXILIARY TUBE DRAW 99A010B,1
54,BIC-99-99A010B,BIC-99A010B-M38,MOTOR FOR BLOWER AUXILIARY TUBE DRAW,1
55,BIC-99-99A010B,BIC-99A010B-M39,MOTOR FOR TUBE DRAW 99A010B,1
56,BIC-99-99A010B,BIC-99A010B-M43,MOTOR FOR BLOWER BAG MOUTH OPENING,1
57,BIC-99-99A010B,BIC-99A010B-M50,MOTOR FOR BAG CARRIER 99A010B,1
58,BIC-99-99A010B,BIC-99A010B-M57,MOTOR FOR BAGGING CONVEYOR 99A010B,1
59,BIC-99-99A010B,BIC-99A010B-M58,MOTOR FOR DELIVERY CONVEYOR 99A010B,1
60,BIC-99-99A010B,BIC-99A010B-M81,MOTOR FOR PINHOLD POSITION 99A010B,1
61,BIC-99-99A010B,BIC-99A010B-M82,MOTOR FOR CORNER SEAL POINT 99A010B,1
62,BIC-99-99A010B,BIC-99A010B-M83,MOTOR FOR CONVEYOR POSITION 99A010B,1
63,BIC-99-99A010B,BIC-99A010B-W01,BAGGING MACHINE,1
64,BIC-99-99A010B,BIC-99BAG02,BAGGING MACHINE,1
65,BIC-99-99A010B,BIC-99WS03,WEIGHING SCALE,1
66,BIC-99-99A010B,BIC-99WS04,WEIGHING SCALE,1
67,BIC-99-99A010C,BIC-99A010C-MCER1,MOTOR FOR QUICK RELEASE CONVEYOR 1,1
68,BIC-99-99A010C,BIC-99A010C-MCER2,MOTOR FOR QUICK RELEASE CONVEYOR 2,1
69,BIC-99-99A010C,BIC-99A010C-A01,BAGGING MACHINE,1
70,BIC-99-99A010C,BIC-99A010C-CB01,BAGGING CONTROL CABINET PPE LINE C,1
71,BIC-99-99A010C,BIC-99A010C-GACT,GEAR FOR OPEN CLOSE TAG PPE LINE C,1
72,BIC-99-99A010C,BIC-99A010C-GACV,GEAR FOR OPEN CLOSE SUCKERS PPE LINE C,1
73,BIC-99-99A010C,BIC-99A010C-GCAR1,GEAR FOR QUICK RELEASS CONVEYOR 1 LINE C,1
74,BIC-99-99A010C,BIC-99A010C-GCAR2,GEAR FOR QUICK RELEASS CONVEYOR 2 LINE C,1
75,BIC-99-99A010C,BIC-99A010C-GCES,GEAR FOR CONVEYOR BELT EVACUATION SACKS,1
76,BIC-99-99A010C,BIC-99A010C-GDEI,GEAR FOR DISPLACEMENT INTER. STATION,1
77,BIC-99-99A010C,BIC-99A010C-GDES,GEAR FOR UNWINDER PPE LINE C,1
78,BIC-99-99A010C,BIC-99A010C-GDPC,GEAR FOR CHARRIOT DESPLACMENT LINE C,1
79,BIC-99-99A010C,BIC-99A010C-GGOL,GEAR FOR RAPPER FAST CONVEYOR BELT 1,1
80,BIC-99-99A010C,BIC-99A010C-GMAS,GEAR FOR EXTENT FEEDING BAGS PPE LINE C,1
81,BIC-99-99A010C,BIC-99A010C-GREF,GEAR FOR COOLER PPE LINE C,1
82,BIC-99-99A010C,BIC-99A010C-GRHSE,GEAR FOR REG. HORITZONTAL WELDING EDGES,1
83,BIC-99-99A010C,BIC-99A010C-GRVSE,GEAR FOR REG. VERTICAL WELDING EDGES,1
84,BIC-99-99A010C,BIC-99A010C-GSAL,GEAR FOR FEEDING SERVO MOTOR PPE LINE C,1
85,BIC-99-99A010C,BIC-99A010C-MACT,MOTOR FOR OPEN CLOSE TAG PPE LINE C,1
86,BIC-99-99A010C,BIC-99A010C-MACV,MOTOR FOR OPEN CLOSE SUCKERS PPE LINE C,1
87,BIC-99-99A010C,BIC-99A010C-MBV,MOTOR FOR VACUUM PUMP BECKER PPE LINE C,1
88,BIC-99-99A010C,BIC-99A010C-MCAR1,MOTOR FOR QUICK RELEASS CONVEYOR 1,1
89,BIC-99-99A010C,BIC-99A010C-MCAR2,MOTOR FOR QUICK RELEASS CONVEYOR 2,1
90,BIC-99-99A010C,BIC-99A010C-MCES,MOTOR FOR CONVEYOR BELT EVACUATION SACKS,1
91,BIC-99-99A010C,BIC-99A010C-MDEI,MOTOR FOR DISPLACEMENT INTER. STATION,1
92,BIC-99-99A010C,BIC-99A010C-MDES,MOTOR FOR UNWINDER PPE LINE C,1
93,BIC-99-99A010C,BIC-99A010C-MDPC,MOTOR FOR CHARRIOT DESPLACMENT LINE C,1
94,BIC-99-99A010C,BIC-99A010C-MFIL,MOTOR FOR BLOWER FILTER PPE LINE C,1
95,BIC-99-99A010C,BIC-99A010C-MGOL,MOTOR FOR RAPPER FAST CONVEYOR BELT 1,1
96,BIC-99-99A010C,BIC-99A010C-MMAS,MOTOR FOR EXTENT FEEDING BAGS PPE LINE C,1
97,BIC-99-99A010C,BIC-99A010C-MREF,MOTOR FOR COOLER PPE LINE C,1
98,BIC-99-99A010C,BIC-99A010C-MRHSE,MOTOR FOR REG. HORITZONTAL WELDING EDGES,1
99,BIC-99-99A010C,BIC-99A010C-MRVSE,MOTOR FOR REG. VERTICAL WELDING EDGES,1
100,BIC-99-99A010C,BIC-99A010C-MSAL,MOTOR FOR FEEDING SERVO MOTOR PPE LINE C,1
101,BIC-99-99A010C,BIC-99A010C-MSH,MOTOR FOR HYDRAULIC SYSTEM PPE LINE C,1
102,BIC-99-99A010C,BIC-99A010C-MTUSE,MOTOR FOR TURBINE COOLING WELDING EDGES,1
103,BIC-99-99A010C,BIC-99BAG03,BAGGING MACHINE,1
104,BIC-99-99A010C,BIC-99D010C-D01,FEED HOPPER FOR BAGGING MACHINE,1
105,BIC-99-99A010C,BIC-99WS06,WEIGHING SCALE,1
106,BIC-99-99A010C,E9B-CA120-P06R-MA,SUPPLY PANEL FOR FFS BAGGING PPE LINE C,1
107,BIC-99-99A010D,BIC-99A010D-MCER1,MOTOR FOR QUICK RELEASE CONVEYOR 1,1
108,BIC-99-99A010D,BIC-99A010D-MCER2,MOTOR FOR QUICK RELEASE CONVEYOR 2,1
109,BIC-99-99A010D,BIC-99A010D-A01,BAGGING MACHINE,1
110,BIC-99-99A010D,BIC-99A010D-CB01,BAGGING CONTROL CABINET LINE D PPE,1
111,BIC-99-99A010D,BIC-99A010D-GACT,GEAR FOR OPEN CLOSE TAG PPE LINE D,1
112,BIC-99-99A010D,BIC-99A010D-GACV,GEAR FOR OPEN CLOSE SUCKERS PPE LINE D,1
113,BIC-99-99A010D,BIC-99A010D-GCAR1,GEAR FOR QUICK RELEASS CONVEYOR 1 LINE D,1
114,BIC-99-99A010D,BIC-99A010D-GCAR2,GEAR FOR QUICK RELEASS CONVEYOR 2 LINE D,1
115,BIC-99-99A010D,BIC-99A010D-GCES,GEAR FOR CONVEYOR BELT EVACUATION SACKS,1
116,BIC-99-99A010D,BIC-99A010D-GDEI,GEAR FOR DISPLACEMENT INTER. STATION,1
117,BIC-99-99A010D,BIC-99A010D-GDES,GEAR FOR UNWINDER PPE LINE D,1
118,BIC-99-99A010D,BIC-99A010D-GDPC,GEAR FOR CHARRIOT DESPLACMENT LINE D,1
119,BIC-99-99A010D,BIC-99A010D-GGOL,GEAR FOR RAPPER FAST CONVEYOR BELT 1,1
120,BIC-99-99A010D,BIC-99A010D-GMAS,GEAR FOR EXTENT FEEDING BAGS PPE LINE D,1
121,BIC-99-99A010D,BIC-99A010D-GREF,GEAR FOR COOLER PPE LINE D,1
122,BIC-99-99A010D,BIC-99A010D-GRHSE,GEAR FOR REG. HORITZONTAL WELDING EDGES,1
123,BIC-99-99A010D,BIC-99A010D-GRVSE,GEAR FOR REG. VERTICAL WELDING EDGES,1
124,BIC-99-99A010D,BIC-99A010D-GSAL,GEAR FOR FEEDING SERVO MOTOR PPE LINE D,1
125,BIC-99-99A010D,BIC-99A010D-MACT,MOTOR FOR OPEN CLOSE TAG PPE LINE D,1
126,BIC-99-99A010D,BIC-99A010D-MACV,MOTOR FOR OPEN CLOSE SUCKERS PPE LINE D,1
127,BIC-99-99A010D,BIC-99A010D-MBV,MOTOR FOR VACUUM PUMP BECKER PPE LINE D,1
128,BIC-99-99A010D,BIC-99A010D-MCAR1,MOTOR FOR QUICK RELEASS CONVEYOR 1,1
129,BIC-99-99A010D,BIC-99A010D-MCAR2,MOTOR FOR QUICK RELEASS CONVEYOR 2,1
130,BIC-99-99A010D,BIC-99A010D-MCES,MOTOR FOR CONVEYOR BELT EVACUATION SACKS,1
131,BIC-99-99A010D,BIC-99A010D-MDEI,MOTOR FOR DISPLACEMENT INTER. STATION,1
132,BIC-99-99A010D,BIC-99A010D-MDES,MOTOR FOR UNWINDER PPE LINE D,1
133,BIC-99-99A010D,BIC-99A010D-MDPC,MOTOR FOR CHARRIOT DESPLACMENT LINE D,1
134,BIC-99-99A010D,BIC-99A010D-MFIL,MOTOR FOR BLOWER FILTER PPE LINE D,1
135,BIC-99-99A010D,BIC-99A010D-MGOL,MOTOR FOR RAPPER FAST CONVEYOR BELT 1,1
136,BIC-99-99A010D,BIC-99A010D-MMAS,MOTOR FOR EXTENT FEEDING BAGS PPE LINE D,1
137,BIC-99-99A010D,BIC-99A010D-MREF,MOTOR FOR COOLER PPE LINE D,1
138,BIC-99-99A010D,BIC-99A010D-MRHSE,MOTOR FOR REG. HORITZONTAL WELDING EDGES,1
139,BIC-99-99A010D,BIC-99A010D-MRVSE,MOTOR FOR REG. VERTICAL WELDING EDGES,1
140,BIC-99-99A010D,BIC-99A010D-MSAL,MOTOR FOR FEEDING SERVO MOTOR PPE LINE D,1
141,BIC-99-99A010D,BIC-99A010D-MSH,MOTOR FOR HYDRAULIC SYSTEM PPE LINE D,1
142,BIC-99-99A010D,BIC-99A010D-MTUSE,MOTOR FOR TURBINE COOLING WELDING EDGES,1
143,BIC-99-99A010D,BIC-99BAG04,BAGGING MACHINE,1
144,BIC-99-99A010D,BIC-99D010D-D01,FEED HOPPER FOR BAGGING MACHINE,1
145,BIC-99-99A010D,BIC-99WS07,WEIGHING SCALE,1
146,BIC-99-99A010D,E9B-CA120-P05R-RC,SUPPLY PANEL FOR FFS BAGGING LINE D,1
147,BIC-99-99A020A,BIC-99A020A-CB01,PALLETIZING CONTROL CABINET LINE A,1
148,BIC-99-99A020A,BIC-99A020AZ01-D60,MOTOR FOR SHEET APPLICATOR,1
149,BIC-99-99A020A,BIC-99A020A-D10G1,GEAR FOR TURNING BELT 99A020A,1
150,BIC-99-99A020A,BIC-99A020A-D10M1,MOTOR FOR TURNING BELT 99A020A,1
151,BIC-99-99A020A,BIC-99A020A-D11G1,GEAR FOR CLAMP TURNING BELT 99A020A,1
152,BIC-99-99A020A,BIC-99A020A-D11M1,MOTOR FOR CLAMP TURNING BELT 99A020A,1
153,BIC-99-99A020A,BIC-99A020A-D11M2,MOTOR FOR AUX. BLOWER CLAMP TURNING BELT,1
154,BIC-99-99A020A,BIC-99A020A-D20G1,GEAR FOR LAYER BELT CONVEYOR 99A020A,1
155,BIC-99-99A020A,BIC-99A020A-D20M1,MOTOR FOR LAYER BELT CONVEYOR 99A020A,1
156,BIC-99-99A020A,BIC-99A020A-D22G1,GEAR FOR LAY OFF TABLE 99A020A,1
157,BIC-99-99A020A,BIC-99A020A-D22M1,MOTOR FOR LAY OFF TABLE 99A020A,1
158,BIC-99-99A020A,BIC-99A020A-D25G1,GEAR FOR LAYER PUSHER 99A020A,1
159,BIC-99-99A020A,BIC-99A020A-D25M1,MOTOR FOR LAYER PUSHER 99A020A,1
160,BIC-99-99A020A,BIC-99A020A-D25M2,MOTOR FOR AUXILLIARY BLOWER LAYER PUSHER,1
161,BIC-99-99A020A,BIC-99A020A-D26G1,GEAR FOR PUSHER PLATE 99A020A,1
162,BIC-99-99A020A,BIC-99A020A-D26M1,MOTOR FOR PUSHER PLATE 99A020A,1
163,BIC-99-99A020A,BIC-99A020A-D30G1,GEAR FOR RIGHT PRESS ELEMENT 99A020A,1
164,BIC-99-99A020A,BIC-99A020A-D30M1,MOTOR FOR RIGHT PRESS ELEMENT 99A020A,1
165,BIC-99-99A020A,BIC-99A020A-D31G1,GEAR FOR LEFT PRESS ELEMENT 99A020A,1
166,BIC-99-99A020A,BIC-99A020A-D31M1,MOTOR FOR LEFT PRESS ELEMENT 99A020A,1
167,BIC-99-99A020A,BIC-99A020A-D35G1,GEAR FOR HOIST 99A020A,1
168,BIC-99-99A020A,BIC-99A020A-D35M1,MOTOR FOR HOIST 99A020A,1
169,BIC-99-99A020A,BIC-99A020A-D35M2,MOTOR FOR BLOWER HOIST 99A020A,1
170,BIC-99-99A020A,BIC-99A020A-D36G1,GEAR FOR ROLLER CONVEYOR ON HOIST,1
171,BIC-99-99A020A,BIC-99A020A-D36M1,MOTOR FOR ROLLER CONVEYOR ON HOIST,1
172,BIC-99-99A020A,BIC-99A020A-D37G1,GEAR FOR TURNING DEVICE HOIST 99A020A,1
173,BIC-99-99A020A,BIC-99A020A-D37M1,MOTOR FOR TURNING DEVICE HOIST 99A020A,1
174,BIC-99-99A020A,BIC-99A020A-D40G1,GEAR FOR EMPTY PALLET TRANSPORT 99A020A,1
175,BIC-99-99A020A,BIC-99A020A-D40M1,MOTOR FOR EMPTY PALLET TRANSPORT 99A020A,1
176,BIC-99-99A020A,BIC-99A020A-D41G1,GEAR FOR STUB ROLLER CONVEYOR 99A020A,1
177,BIC-99-99A020A,BIC-99A020A-D41M1,MOTOR FOR STUB ROLLER CONVEYOR 99A020A,1
178,BIC-99-99A020A,BIC-99A020A-D50G1,GEAR FOR SEPARATOR 99A020A,1
179,BIC-99-99A020A,BIC-99A020A-D50M1,MOTOR FOR SEPARATOR 99A020A,1
180,BIC-99-99A020A,BIC-99A020A-D51G1,GEAR FOR SEPARATOR FORK 99A020A,1
181,BIC-99-99A020A,BIC-99A020A-D51M1,MOTOR FOR SEPARATOR FORK 99A020A,1
182,BIC-99-99A020A,BIC-99A020A-E004,AIR CONTROL PALLETIZ LINE:A(PP3) 600 W,1
183,BIC-99-99A020A,BIC-99A020A-EB01,PALLETIZING CONTROL CABINET LINE A,1
184,BIC-99-99A020A,BIC-99A020A-H01,PALLETIZER,1
185,BIC-99-99A020A,BIC-99PAL01,PALLETIZER,1
186,BIC-99-99A020B,BIC-99A020B-CB01,PALLETIZING CONTROL CABINET LINE B,1
187,BIC-99-99A020B,BIC-99A020BZ01-D60,MOTOR FOR SHEET APPLICATOR,1
188,BIC-99-99A020B,BIC-99H010B-D408M1,MOTOR FOR BAG FLATTENER,1
189,BIC-99-99A020B,BIC-99A020B-D10G1,GEAR FOR TURNING BELT 99A020B,1
190,BIC-99-99A020B,BIC-99A020B-D10M1,MOTOR FOR TURNING BELT 99A020B,1
191,BIC-99-99A020B,BIC-99A020B-D11G1,GEAR FOR CLAMP TURNING BELT 99A020B,1
192,BIC-99-99A020B,BIC-99A020B-D11M1,MOTOR FOR CLAMP TURNING BELT 99A020B,1
193,BIC-99-99A020B,BIC-99A020B-D11M2,MOTOR FOR AUX. BLOWER TURNING BELT,1
194,BIC-99-99A020B,BIC-99A020B-D20G1,GEAR FOR LAYER BELT CONVEYOR 99A020B,1
195,BIC-99-99A020B,BIC-99A020B-D20M1,MOTOR FOR LAYER BELT CONVEYOR 99A020B,1
196,BIC-99-99A020B,BIC-99A020B-D22G1,GEAR FOR LAY OFF TABLE 99A020B,1
197,BIC-99-99A020B,BIC-99A020B-D22M1,MOTOR FOR LAY OFF TABLE 99A020B,1
198,BIC-99-99A020B,BIC-99A020B-D25G1,GEAR FOR LAYER PUSHER 99A020B,1
199,BIC-99-99A020B,BIC-99A020B-D25M1,MOTOR FOR LAYER PUSHER 99A020B,1
200,BIC-99-99A020B,BIC-99A020B-D25M2,MOTOR FOR AUXILLIARY BLOWER LAYER PUSHER,1
201,BIC-99-99A020B,BIC-99A020B-D26G1,GEAR FOR PUSHER PLATE 99A020B,1
202,BIC-99-99A020B,BIC-99A020B-D26M1,MOTOR FOR PUSHER PLATE 99A020B,1
203,BIC-99-99A020B,BIC-99A020B-D30G1,GEAR FOR RIGHT PRESS ELEMENT 99A020B,1
204,BIC-99-99A020B,BIC-99A020B-D30M1,MOTOR FOR RIGHT PRESS ELEMENT 99A020B,1
205,BIC-99-99A020B,BIC-99A020B-D31G1,GEAR FOR LEFT PRESS ELEMENT 99A020B,1
206,BIC-99-99A020B,BIC-99A020B-D31M1,MOTOR FOR LEFT PRESS ELEMENT 99A020B,1
207,BIC-99-99A020B,BIC-99A020B-D35G1,GEAR FOR HOIST 99A020B,1
208,BIC-99-99A020B,BIC-99A020B-D35M1,MOTOR FOR HOIST 99A020B,1
209,BIC-99-99A020B,BIC-99A020B-D35M2,MOTOR FOR AUX. BLOWER HOIST,1
210,BIC-99-99A020B,BIC-99A020B-D36G1,GEAR FOR ROLLER CONVEYOR ON HOIST,1
211,BIC-99-99A020B,BIC-99A020B-D36M1,MOTOR FOR ROLLER CONVEYOR ON HOIST,1
212,BIC-99-99A020B,BIC-99A020B-D37G1,GEAR FOR TURNING DEVICE HOIST 99A020B,1
213,BIC-99-99A020B,BIC-99A020B-D37M1,MOTOR FOR TURNING DEVICE HOIST 99A020B,1
214,BIC-99-99A020B,BIC-99A020B-D40G1,GEAR FOR EMPTY PALLET TRANSPORT 99A020B,1
215,BIC-99-99A020B,BIC-99A020B-D40M1,MOTOR FOR EMPTY PALLET TRANSPORT 99A020B,1
216,BIC-99-99A020B,BIC-99A020B-D41G1,GEAR FOR STUB ROLLER CONVEYOR 99A020B,1
217,BIC-99-99A020B,BIC-99A020B-D41M1,MOTOR FOR STUB ROLLER CONVEYOR 99A020B,1
218,BIC-99-99A020B,BIC-99A020B-D50G1,GEAR FOR SEPARATOR 99A020B,1
219,BIC-99-99A020B,BIC-99A020B-D50M1,MOTOR FOR SEPARATOR 99A020B,1
220,BIC-99-99A020B,BIC-99A020B-D51G1,GEAR FOR SEPARATOR FORK 99A020B,1
221,BIC-99-99A020B,BIC-99A020B-D51M1,MOTOR FOR SEPARATOR FORK 99A020B,1
222,BIC-99-99A020B,BIC-99A020B-E005,AIR CONTROL PALLETIZ LINE:B(PP3) 600 W,1
223,BIC-99-99A020B,BIC-99A020B-EB01,PALLETIZING CONTROL CABINET LINE B,1
224,BIC-99-99A020B,BIC-99A020B-H01,PALLETIZER,1
225,BIC-99-99A020B,BIC-99A020B-METAL,METAL DETECTOR LIINE B,1
226,BIC-99-99A020B,BIC-99PAL02,PALLETIZER,1
227,BIC-99-99A020C,BIC-99A020C-CB01,PALLETIZING CONTROL CABINET PPE LINE C,1
228,BIC-99-99A020C,BIC-99A020C-D012G1,GEAR FOR TWIN BELT LEFT PPE LINE C,1
229,BIC-99-99A020C,BIC-99A020C-D012G2,GEAR FOR TWIN BELT RIGHT PPE LINE C,1
230,BIC-99-99A020C,BIC-99A020C-D012M1,MOTOR FOR TWIN BELT LEFT PPE LINE C,1
231,BIC-99-99A020C,BIC-99A020C-D012M2,MOTOR FOR TWIN BELT RIGHT PPE LINE C,1
232,BIC-99-99A020C,BIC-99A020C-D018G1,GEAR FOR LAYER FORMING BELT CONVEYOR,1
233,BIC-99-99A020C,BIC-99A020C-D018M1,MOTOR FOR LAYER FORMING BELT CONVEYOR,1
234,BIC-99-99A020C,BIC-99A020C-D023G1,GEAR FOR LAYER PUSHING UNIT PPE LINE C,1
235,BIC-99-99A020C,BIC-99A020C-D023M1,MOTOR FOR LAYER PUSHING UNIT PPE LINE C,1
236,BIC-99-99A020C,BIC-99A020C-D024G1,GEAR FOR PUSHER PLATE PPE LINE C,1
237,BIC-99-99A020C,BIC-99A020C-D024M1,MOTOR FOR PUSHER PLATE PPE LINE C,1
238,BIC-99-99A020C,BIC-99A020C-D027G1,GEAR FOR LAYER STACKING TABLE PPE LINE C,1
239,BIC-99-99A020C,BIC-99A020C-D027M1,MOTOR FOR LAYER STACKING TABLE LINE C,1
240,BIC-99-99A020C,BIC-99A020C-D030G1,GEAR FOR PRESS ELEMENT LEFT PPE LINE C,1
241,BIC-99-99A020C,BIC-99A020C-D030M1,MOTOR FOR PRESS ELEMENT LEFT PPE LINE C,1
242,BIC-99-99A020C,BIC-99A020C-D031G1,GEAR FOR PRESS ELEMENT RIGHT PPE LINE C,1
243,BIC-99-99A020C,BIC-99A020C-D031M1,MOTOR FOR PRESS ELEMENT RIGHT PPE LINE C,1
244,BIC-99-99A020C,BIC-99A020C-D035G1,GAER FOR HOIST PPE LINE C,1
245,BIC-99-99A020C,BIC-99A020C-D035M1,MOTOR FOR HOIST PPE LINE C,1
246,BIC-99-99A020C,BIC-99A020C-D050G1,GEAR FOR PALLET PUSHER HOIST PPE LINE C,1
247,BIC-99-99A020C,BIC-99A020C-D050M1,MOTOR FOR PALLET PUSHER HOIST PPE LINE C,1
248,BIC-99-99A020C,BIC-99A020C-D055G1,GEAR FOR PALLET SEPARATOR PPE LINE C,1
249,BIC-99-99A020C,BIC-99A020C-D055M1,MOTOR FOR PALLET SEPARATOR PPE LINE C,1
250,BIC-99-99A020C,BIC-99A020C-D056G1,GEAR FOR PALLET SEPARATOR FORK LINE C,1
251,BIC-99-99A020C,BIC-99A020C-D056M1,MOTOR FOR PALLET SEPARATOR FORK LINE C,1
252,BIC-99-99A020C,BIC-99A020C-D058M1,MOTOR FOR SEPARATOR TIP OVER PROTECTION,1
253,BIC-99-99A020C,BIC-99A020C-H01,PALLETIZER,1
254,BIC-99-99A020C,BIC-99H010C-H01,TRANSPORT BELT FOR 99H010C,1
255,BIC-99-99A020C,BIC-99H011C-H01,TRANSPORT BELT  FOR 99H011C,1
256,BIC-99-99A020C,BIC-99H012C-H01,TRANSPORT BELT FOR 99H012C,1
257,BIC-99-99A020C,BIC-99H014C-H01,TRANSPORT BELT FOR 99H014C,1
258,BIC-99-99A020C,BIC-99H015C-H01,TRANSPORT BELT FOR 99H015C,1
259,BIC-99-99A020C,BIC-99H016C-D400G1,GEAR FOR FALT BELT CONVEYOR PPE LINE C,1
260,BIC-99-99A020C,BIC-99H016C-D400M1,MOTOR FOR FALT BELT CONVEYOR PPE LINE C,1
261,BIC-99-99A020C,BIC-99H016C-H01,TRANSPORT BELT FOR 99H016C,1
262,BIC-99-99A020C,BIC-99H017C-D000M1,MOTOR FOR BAG GUIDE PLATE LEFT LINE C,1
263,BIC-99-99A020C,BIC-99H017C-D000M2,MOTOR FOR BAG GUIDE PLATE RIGHT LINE C,1
264,BIC-99-99A020C,BIC-99H017C-H01,TRANSPORT BELT FOR 99H017C,1
265,BIC-99-99A020C,BIC-99H018C-D001G1,GEAR FOR TIMING BELT CONVEYOR 1 LINE C,1
266,BIC-99-99A020C,BIC-99H018C-D001M1,MOTOR FOR TIMING BELT CONVEYOR 1 LINE C,1
267,BIC-99-99A020C,BIC-99H018C-D005G1,GEAR FOR BAG FLATTENING CONVEYOR LINE C,1
268,BIC-99-99A020C,BIC-99H018C-D005M1,MOTOR FOR BAG FLATTENING CONVEYOR LINE C,1
269,BIC-99-99A020C,BIC-99H018C-H01,TRANSPORT BELT FOR 99H018C,1
270,BIC-99-99A020C,BIC-99H019C-D036G1,GEAR FOR HOIST ROLLER CONVEYOR LINE C,1
271,BIC-99-99A020C,BIC-99H019C-D036M1,MOTOR FOR HOIST ROLLER CONVEYOR LINE C,1
272,BIC-99-99A020C,BIC-99H019C-H01,TRANSPORT BELT FOR 99H019C,1
273,BIC-99-99A020C,BIC-99H020C-D100G1,GEAR FOR ROLLER CONVEYOR AFTER HOIST,1
274,BIC-99-99A020C,BIC-99H020C-D100M1,MOTOR FOR ROLLER CONVEYOR AFTER HOIST,1
275,BIC-99-99A020C,BIC-99H020C-H01,TRANSPORT BELT FOR 99H020C,1
276,BIC-99-99A020C,BIC-99H021C-H01,ROLLER CONVEYOR FOR 99H021C,1
277,BIC-99-99A020C,BIC-99H022C-H01,ROLLER CONVEYOR FOR 99H022C,1
278,BIC-99-99A020C,BIC-99H023C-H01,ROLLER CONVEYOR FOR 99H023C,1
279,BIC-99-99A020C,BIC-99H024C-H01,ROLLER CONVEYOR FOR 99H024C,1
280,BIC-99-99A020C,BIC-99H025C-H01,ROLLER CONVEYOR FOR 99H025C,1
281,BIC-99-99A020C,BIC-99PAL03,PALLETIZER,1
282,BIC-99-99A020C,BIC-99S010C-D406G1,GEAR FOR FALT BELT CONV. METAL DETECTOR,1
283,BIC-99-99A020C,BIC-99S010C-D406M1,MOTOR FOR FALT BELT CONV. METAL DETECTOR,1
284,BIC-99-99A020C,BIC-99S011C-D401G1,GEAR FOR FALT BELT CONVEYOR BAG PUSHER,1
285,BIC-99-99A020C,BIC-99S011C-D401M1,MOTOR FOR FALT BELT CONVEYOR BAG PUSHER,1
286,BIC-99-99A020C,BIC-99S011C-D402G1,GEAR FOR BAG PUSHER PPE LINE C,1
287,BIC-99-99A020C,BIC-99S011C-D402M1,MOTOR FOR BAG PUSHER PPE LINE C,1
288,BIC-99-99A020C,BIC-99S011C-D403G1,GEAR FOR FALT BELT CONV. BAG DISCHARGE,1
289,BIC-99-99A020C,BIC-99S011C-D403M1,MOTOR FOR FALT BELT CONV. BAG DISCHARGE,1
290,BIC-99-99A020C,BIC-99W010C-W01,WEIGHING MACHINE,1
291,BIC-99-99A020C,BIC-99W011C-D404G1,GEAR FOR FALT BELT CONV. CHECK WEIGHER,1
292,BIC-99-99A020C,BIC-99W011C-D404M1,MOTOR FOR FALT BELT CONV. CHECK WEIGHER,1
293,BIC-99-99A020C,BIC-99W011C-W01,CHECK WEIGHER,1
294,BIC-99-99A020C,BIC-99WO03,WEIGHT CHECKER,1
295,BIC-99-99A020C,E9B-CA120-P06R-PA,SUPPLY PANEL FOR PALLETTIZER PPE LINE C,1
296,BIC-99-99A020D,BIC-99A020D-D050M1,MOTOR FOR PALLET PUSHER HOIST,1
297,BIC-99-99A020D,BIC-99A020D-D055M1,MOTOR FOR PALLET SEPARATOR,1
298,BIC-99-99A020D,BIC-99H017D-D000M1,MOTOR FOR BAG GUIDE PLATE LEFT,1
299,BIC-99-99A020D,BIC-99H017D-D000M2,MOTOR FOR BAG GUIDE PLATE RIGHT,1
300,BIC-99-99A020D,BIC-99H019D-D036M1,MOTOR FOR HOIST ROLLER CONV.,1
301,BIC-99-99A020D,BIC-99A017D-D000M1,MOTOR FOR BAG GUIDE PLATE LEFT LINE D,1
302,BIC-99-99A020D,BIC-99A017D-D000M2,MOTOR FOR BAG GUIDE PLATE RIGHT LINE D,1
303,BIC-99-99A020D,BIC-99A020D-CB01,PALLETIZING CONTROL CABINET LINE D PPE,1
304,BIC-99-99A020D,BIC-99A020D-D012G1,GEAR FOR TWIN BELT LEFT PPE LINE D,1
305,BIC-99-99A020D,BIC-99A020D-D012G2,GEAR FOR TWIN BELT RIGHT PPE LINE D,1
306,BIC-99-99A020D,BIC-99A020D-D012M1,MOTOR FOR TWIN BELT LEFT PPE LINE D,1
307,BIC-99-99A020D,BIC-99A020D-D012M2,MOTOR FOR TWIN BELT RIGHT PPE LINE D,1
308,BIC-99-99A020D,BIC-99A020D-D018G1,GEAR FOR LAYER FORMING BELT CONVEYOR,1
309,BIC-99-99A020D,BIC-99A020D-D018M1,MOTOR FOR LAYER FORMING BELT CONVEYOR,1
310,BIC-99-99A020D,BIC-99A020D-D023G1,GEAR FOR LAYER PUSHING UNIT PPE LINE D,1
311,BIC-99-99A020D,BIC-99A020D-D023M1,MOTOR FOR LAYER PUSHING UNIT PPE LINE D,1
312,BIC-99-99A020D,BIC-99A020D-D024G1,GEAR FOR PUSHER PLATE PPE LINE D,1
313,BIC-99-99A020D,BIC-99A020D-D024M1,MOTOR FOR PUSHER PLATE PPE LINE D,1
314,BIC-99-99A020D,BIC-99A020D-D027G1,GEAR FOR LAYER STACKING TABLE PPE LINE D,1
315,BIC-99-99A020D,BIC-99A020D-D027M1,MOTOR FOR LAYER STACKING TABLE LINE D,1
316,BIC-99-99A020D,BIC-99A020D-D030G1,GEAR FOR PRESS ELEMENT LEFT PPE LINE D,1
317,BIC-99-99A020D,BIC-99A020D-D030M1,MOTOR FOR PRESS ELEMENT LEFT PPE LINE D,1
318,BIC-99-99A020D,BIC-99A020D-D031G1,GEAR FOR PRESS ELEMENT RIGHT PPE LINE D,1
319,BIC-99-99A020D,BIC-99A020D-D031M1,MOTOR FOR PRESS ELEMENT RIGHT PPE LINE D,1
320,BIC-99-99A020D,BIC-99A020D-D035G1,GEAR FOR HOIST PPE PPE LINE D,1
321,BIC-99-99A020D,BIC-99A020D-D035M1,MOTOR FOR HOIST PPE PPE LINE D,1
322,BIC-99-99A020D,BIC-99A020D-D056G1,GEAR FOR PALLET SEPARATOR FORK LINE D,1
323,BIC-99-99A020D,BIC-99A020D-D056M1,MOTOR FOR PALLET SEPARATOR FORK LINE D,1
324,BIC-99-99A020D,BIC-99A020D-D058M1,MOTOR FOR PALLET SEP. TIP OVER PROTECT.,1
325,BIC-99-99A020D,BIC-99A020D-H01,PALLETIZER,1
326,BIC-99-99A020D,BIC-99H010D-H01,TRANSPORT BELT FOR 99H010D,1
327,BIC-99-99A020D,BIC-99H011D-H01,TRANSPORT BELT FOR 99H011D,1
328,BIC-99-99A020D,BIC-99H012D-H01,TRANSPORT BELT FOR 99H012D,1
329,BIC-99-99A020D,BIC-99H013D-H01,TRANSPORT BELT FOR 99H013D,1
330,BIC-99-99A020D,BIC-99H014D-H01,TRANSPORT BELT FOR 99H014D,1
331,BIC-99-99A020D,BIC-99H015D-H01,TRANSPORT BELT FOR 99H015D,1
332,BIC-99-99A020D,BIC-99H016D-D400G1,GEAR FOR FALT BELT CONVEYOR PPE LINE D,1
333,BIC-99-99A020D,BIC-99H016D-D400M1,MOTOR FOR FALT BELT CONVEYOR PPE LINE D,1
334,BIC-99-99A020D,BIC-99H016D-H01,TRANSPORT BELT FOR 99H016D,1
335,BIC-99-99A020D,BIC-99H017D-D036G1,GEAR FOR HOIST ROLLER CONVEYOR LINE D,1
336,BIC-99-99A020D,BIC-99H017D-D036M1,MOTOR FOR HOIST ROLLER CONVEYOR LINE D,1
337,BIC-99-99A020D,BIC-99H017D-H01,TRANSPORT BELT FOR 99H017D,1
338,BIC-99-99A020D,BIC-99H018D-D001G1,GEAR FOR TIMING BELT CONVEYOR 1  LINE D,1
339,BIC-99-99A020D,BIC-99H018D-D001M1,MOTOR FOR TIMING BELT CONVEYOR 1  LINE D,1
340,BIC-99-99A020D,BIC-99H018D-D005G1,GEAR FOR BAG FLATTENING CONVEYOR  LINE D,1
341,BIC-99-99A020D,BIC-99H018D-D005M1,MOTOR FOR BAG FLATTENING CONVEYOR LINE D,1
342,BIC-99-99A020D,BIC-99H018D-D050G1,GEAR FOR PALLET PUSHER HOIST PPE LINE D,1
343,BIC-99-99A020D,BIC-99H018D-D050M1,MOTOR FOR PALLET PUSHER HOIST PPE LINE D,1
344,BIC-99-99A020D,BIC-99H018D-H01,TRANSPORT BELT FOR 99H018D,1
345,BIC-99-99A020D,BIC-99H019D-D055G1,GEAR FOR PALLET SEPARATOR PPE LINE D,1
346,BIC-99-99A020D,BIC-99H019D-D055M1,MOTOR FOR PALLET SEPARATOR PPE LINE D,1
347,BIC-99-99A020D,BIC-99H019D-H01,TRANSPORT BELT FOR 99H019D,1
348,BIC-99-99A020D,BIC-99H020D-D100G1,GEAR FOR ROLLER CONVEYOR AFTER HOIST,1
349,BIC-99-99A020D,BIC-99H020D-D100M1,MOTOR FOR ROLLER CONVEYOR AFTER HOIST,1
350,BIC-99-99A020D,BIC-99H020D-H01,TRANSPORT BELT FOR 99H020D,1
351,BIC-99-99A020D,BIC-99H021D-H01,ROLLER CONVEYOR FOR 99H021D,1
352,BIC-99-99A020D,BIC-99H022D-H01,ROLLER CONVEYOR FOR 99H022D,1
353,BIC-99-99A020D,BIC-99H023D-H01,ROLLER CONVEYOR FOR 99H023D,1
354,BIC-99-99A020D,BIC-99H024D-H01,ROLLER CONVEYOR FOR 99H024D,1
355,BIC-99-99A020D,BIC-99H025D-H01,ROLLER CONVEYOR FOR 99H025D,1
356,BIC-99-99A020D,BIC-99PAL04,PALLETIZER,1
357,BIC-99-99A020D,BIC-99S010D-D406G1,GEAR FOR FALT BELT CONV. METAL DETECTOR,1
358,BIC-99-99A020D,BIC-99S010D-D406M1,MOTOR FOR FALT BELT CONV. METAL DETECTOR,1
359,BIC-99-99A020D,BIC-99S011D-D401G1,GEAR FOR FALT BELT CONVEYOR BAG PUSHER,1
360,BIC-99-99A020D,BIC-99S011D-D401M1,MOTOR FOR FALT BELT CONVEYOR BAG PUSHER,1
361,BIC-99-99A020D,BIC-99S011D-D402G1,GEAR FOR BAG PUSHER PPE LINE D,1
362,BIC-99-99A020D,BIC-99S011D-D402M1,MOTOR FOR BAG PUSHER PPE LINE D,1
363,BIC-99-99A020D,BIC-99S011D-D403G1,GEAR FOR FALT BELT CONV. BAG DISCHARGE,1
364,BIC-99-99A020D,BIC-99S011D-D403M1,MOTOR FOR FALT BELT CONV. BAG DISCHARGE,1
365,BIC-99-99A020D,BIC-99W010D-W01,WEIGHING MACHINE,1
366,BIC-99-99A020D,BIC-99W011D-D404M1,MOTOR FOR FALT BELT CONV. CHECK WEIGHER,1
367,BIC-99-99A020D,BIC-99W011D-W01,CHECK WEIGHER,1
368,BIC-99-99A020D,BIC-99WO04,WEIGHT CHECKER,1
369,BIC-99-99A020D,E9B-CA120-P05R-TA,SUPPLY PANEL FOR PALLETTIZER LINE D,1
370,BIC-99-99A030A,BIC-99A030A-CB01,STRETCHPAC CONTROL CABINET LINE A,1
371,BIC-99-99A030A,BIC-99A030A-D90G1,GEAR FOR FILM SLED 99A030A,1
372,BIC-99-99A030A,BIC-99A030A-D90M1,MOTOR FOR FILM SLED 99A030A,1
373,BIC-99-99A030A,BIC-99A030A-D91G1,GEAR FOR TOP SHEET HOLDER 99A030A,1
374,BIC-99-99A030A,BIC-99A030A-D91M1,MOTOR FOR TOP SHEET HOLDER 99A030A,1
375,BIC-99-99A030A,BIC-99A030A-D92G1,GEAR FOR PRE STRETCH 99A030A,1
376,BIC-99-99A030A,BIC-99A030A-D92M1,MOTOR FOR PRE STRETCH 99A030A,1
377,BIC-99-99A030A,BIC-99A030A-D93G1,GEAR FOR WRAPPER TURNTABLE 99A030A,1
378,BIC-99-99A030A,BIC-99A030A-D93M1,MOTOR FOR WRAPPER TURNTABLE 99A030A,1
379,BIC-99-99A030A,BIC-99A030A-D94G1,GEAR FOR ROL. COVY. WRAPPER TURNTABLE,1
380,BIC-99-99A030A,BIC-99A030A-D94M1,MOTOR FOR ROL. COVY. WRAPPER TURNTABLE,1
381,BIC-99-99A030A,BIC-99A030A-E006,AIR CONTROL STRETCH PACK LINE:A(PP3)600W,1
382,BIC-99-99A030A,BIC-99A030A-EB01,STRETCHPAC CONTROL CABINET LINE A,1
383,BIC-99-99A030A,BIC-99A030A-H01,STRETCH FILM WRAPPER,1
384,BIC-99-99A030A,BIC-99WRAP01,WRAPPING MACHINE,1
385,BIC-99-99A030B,BIC-99A030B-CONTRL,CONTROL,1
386,BIC-99-99A030B,BIC-99A030B-D90G1,GEAR FOR FILM SLED 99A030B,1
387,BIC-99-99A030B,BIC-99A030B-D90M1,MOTOR FOR FILM SLED 99A030B,1
388,BIC-99-99A030B,BIC-99A030B-D91G1,GEAR FOR TOP SHEET HOLDER 99A030B,1
389,BIC-99-99A030B,BIC-99A030B-D91M1,MOTOR FOR TOP SHEET HOLDER 99A030B,1
390,BIC-99-99A030B,BIC-99A030B-D92G1,GEAR FOR PRE STRETCH 99A030B,1
391,BIC-99-99A030B,BIC-99A030B-D92M1,MOTOR FOR PRE STRETCH 99A030B,1
392,BIC-99-99A030B,BIC-99A030B-D93G1,GEAR FOR WRAPPER TURNTABLE 99A030B,1
393,BIC-99-99A030B,BIC-99A030B-D93M1,MOTOR FOR WRAPPER TURNTABLE 99A030B,1
394,BIC-99-99A030B,BIC-99A030B-D94G1,GEAR FOR ROL. COVY. WRAPPER TURNTABLE,1
395,BIC-99-99A030B,BIC-99A030B-D94M1,MOTOR FOR ROL. COVY. WRAPPER TURNTABLE,1
396,BIC-99-99A030B,BIC-99A030B-E007,AIR CONTROL STRETCH PACK LINE:B(PP3)600W,1
397,BIC-99-99A030B,BIC-99A030B-EB01,STRETCHPAC CONTROL CABINET LINE B,1
398,BIC-99-99A030B,BIC-99A030B-H01,STRETCH FILM WRAPPER,1
399,BIC-99-99A030B,BIC-99WRAP02,WRAPPING MACHINE,1
400,BIC-99-99A030C,BIC-99A030C-A01,STRETCH FILM WRAPPER FOR PALLETS,1
401,BIC-99-99A030C,BIC-99A030C-CB01,STRETCH HOOD MECHINE PPE LINE C,1
402,BIC-99-99A030C,BIC-99A030C-D600G1,GEAR FOR HOIST CAR PPE LINE C,1
403,BIC-99-99A030C,BIC-99A030C-D600M1,MOTOR FOR HOIST CAR PPE LINE C,1
404,BIC-99-99A030C,BIC-99A030C-D602G1,GEAR FOR STRETCH SLEDS RIGHT PPE LINE C,1
405,BIC-99-99A030C,BIC-99A030C-D602M1,MOTOR FOR STRETCH SLEDS RIGHT PPE LINE C,1
406,BIC-99-99A030C,BIC-99A030C-D603G1,GEAR FOR CRIMPING RIGHT 1 PPE LINE C,1
407,BIC-99-99A030C,BIC-99A030C-D603G2,GEAR FOR CRIMPING RIGHT 2 PPE LINE C,1
408,BIC-99-99A030C,BIC-99A030C-D603M1,MOTOR FOR CRIMPING RIGHT 1 PPE LINE C,1
409,BIC-99-99A030C,BIC-99A030C-D603M2,MOTOR FOR CRIMPING RIGHT 2 PPE LINE C,1
410,BIC-99-99A030C,BIC-99A030C-D611G1,GEAR FOR STRETCH CARRIAGE LEFT LINE C,1
411,BIC-99-99A030C,BIC-99A030C-D611M1,MOTOR FOR STRETCH CARRIAGE LEFT LINE C,1
412,BIC-99-99A030C,BIC-99A030C-D612G1,GEAR FOR STRETCH SLEDS LEFT PPE LINE C,1
413,BIC-99-99A030C,BIC-99A030C-D612M1,MOTOR FOR STRETCH SLEDS LEFT PPE LINE C,1
414,BIC-99-99A030C,BIC-99A030C-D613G1,GEAR FOR CRIMPING LEFT 1 PPE LINE C,1
415,BIC-99-99A030C,BIC-99A030C-D613G2,GEAR FOR CRIMPING LEFT 2 PPE LINE C,1
416,BIC-99-99A030C,BIC-99A030C-D613M1,MOTOR FOR CRIMPING LEFT 1 PPE LINE C,1
417,BIC-99-99A030C,BIC-99A030C-D613M2,MOTOR FOR CRIMPING LEFT 2 PPE LINE C,1
418,BIC-99-99A030C,BIC-99A030C-D650G1,GEAR FOR FILM ROLL DRIVE FILM 1 LINE C,1
419,BIC-99-99A030C,BIC-99A030C-D650M1,MOTOR FOR FILM ROLL DRIVE FILM 1 LINE C,1
420,BIC-99-99A030C,BIC-99A030C-D705G1,GEAR FOR FILM TRANSPORT PPE LINE C,1
421,BIC-99-99A030C,BIC-99A030C-D705M1,MOTOR FOR FILM TRANSPORT PPE LINE C,1
422,BIC-99-99A030C,BIC-99A030C-D707M1,MOTOR FOR FILM SUCT. GRIP./TRANS. SIDE 1,1
423,BIC-99-99A030C,BIC-99A030C-D707M2,MOTOR FOR FILM SUCT. GRIP./TRANS. SIDE 2,1
424,BIC-99-99A030C,BIC-99A030C-D708M1,MOTOR FOR FILM SUCT. GRIP. OPPS. SIDE 1,1
425,BIC-99-99A030C,BIC-99A030C-D708M2,MOTOR FOR FILM SUCT. GRIP. OPPS. SIDE 2,1
426,BIC-99-99A030C,BIC-99A030C-D710G1,GEAR FOR FILM SUCT. GRIPPER TRAVEL DRIVE,1
427,BIC-99-99A030C,BIC-99A030C-D710M1,MOTOR FOR FILM SUCT. GRIP. TRAVEL DRIVE,1
428,BIC-99-99A030C,BIC-99H021C-D799G1,GEAR FOR FULL PALLET CONVEYOR PPE LINE C,1
429,BIC-99-99A030C,BIC-99H021C-D799M1,MOTOR FOR FULL PALLET CONVEYOR LINE C,1
430,BIC-99-99A030C,BIC-99H022C-D800G1,GEAR FOR PALLET CENTRING DEVIE LINE C,1
431,BIC-99-99A030C,BIC-99H022C-D800M1,MOTOR FOR PALLET CENTRING DEVIE LINE C,1
432,BIC-99-99A030C,BIC-99H022C-D801G1,GEAR FOR CONVEYOR BEFORE STRETCH HOOD,1
433,BIC-99-99A030C,BIC-99H022C-D801M1,MOTOR FOR CONVEYOR BEFORE STRETCH HOOD,1
434,BIC-99-99A030C,BIC-99H024C-D802G1,GEAR FOR CONVEYOR UNDER STRETCH HOOD,1
435,BIC-99-99A030C,BIC-99H024C-D802M1,MOTOR FOR CONVEYOR UNDER STRETCH HOOD,1
436,BIC-99-99A030C,BIC-99H025C-D804G1,GEAR FOR CONVEYOR AFTER STRETCH HOOD,1
437,BIC-99-99A030C,BIC-99H025C-D804M1,MOTOR FOR CONVEYOR AFTER STRETCH HOOD,1
438,BIC-99-99A030C,BIC-99H026C-D805G1,GEAR FOR FULL PALLET CONVEYOR PPE LINE C,1
439,BIC-99-99A030C,BIC-99H026C-D805M1,MOTOR FOR FULL PALLET CONVEYOR LINE C,1
440,BIC-99-99A030C,BIC-99H027C-D806G1,GEAR FOR FULL PALLET CONVEYOR PPE LINE C,1
441,BIC-99-99A030C,BIC-99H027C-D806M1,MOTOR FOR FULL PALLET CONVEYOR LINE C,1
442,BIC-99-99A030C,BIC-99H028C-D807G1,GEAR FOR FULL PALLET CONVEYOR PPE LINE C,1
443,BIC-99-99A030C,BIC-99H028C-D807M1,MOTOR FOR FULL PALLET CONVEYOR LINE C,1
444,BIC-99-99A030C,BIC-99H029C-D808G1,GEAR FOR FULL PALLET CONVEYOR PPE LINE C,1
445,BIC-99-99A030C,BIC-99H029C-D808M1,MOTOR FOR FULL PALLET CONVEYOR LINE C,1
446,BIC-99-99A030C,BIC-99HOOD01,STRETCH HOOD,1
447,BIC-99-99A030C,E9B-CA120-P06R-MC,SUPPLY PANEL FOR STRETCHHOOD PPE LINE C,1
448,BIC-99-99A030D,BIC-99A030D-A01,STRETCH FILM WRAPPER FOR PALLETS,1
449,BIC-99-99A030D,BIC-99A030D-CB01,STRETCH HOOD MECHINE LINE B CB01,1
450,BIC-99-99A030D,BIC-99A030D-D600G1,GEAR FOR HOIST CAR LINE D,1
451,BIC-99-99A030D,BIC-99A030D-D600M1,MOTOR FOR HOIST CAR LINE D,1
452,BIC-99-99A030D,BIC-99A030D-D602G1,GEAR FOR STRETCH SLEDS RIGHT PPE LINE D,1
453,BIC-99-99A030D,BIC-99A030D-D602M1,MOTOR FOR STRETCH SLEDS RIGHT PPE LINE D,1
454,BIC-99-99A030D,BIC-99A030D-D603G1,GEAR FOR CRIMPING RIGHT 1 PPE LINE D,1
455,BIC-99-99A030D,BIC-99A030D-D603G2,GEAR FOR CRIMPING RIGHT 2 PPE LINE D,1
456,BIC-99-99A030D,BIC-99A030D-D603M1,MOTOR FOR CRIMPING RIGHT 1 PPE LINE D,1
457,BIC-99-99A030D,BIC-99A030D-D603M2,MOTOR FOR CRIMPING RIGHT 2 PPE LINE D,1
458,BIC-99-99A030D,BIC-99A030D-D611G1,GEAR FOR STRETCH CARRIAGE LEFT LINE D,1
459,BIC-99-99A030D,BIC-99A030D-D611M1,MOTOR FOR STRETCH CARRIAGE LEFT LINE D,1
460,BIC-99-99A030D,BIC-99A030D-D612G1,GEAR FOR STRETCH SLEDS LEFT PPE LINE D,1
461,BIC-99-99A030D,BIC-99A030D-D612M1,MOTOR FOR STRETCH SLEDS LEFT PPE LINE D,1
462,BIC-99-99A030D,BIC-99A030D-D613G1,GEAR FOR CRIMPING LEFT 1 PPE LINE D,1
463,BIC-99-99A030D,BIC-99A030D-D613G2,GEAR FOR CRIMPING LEFT 2 PPE LINE D,1
464,BIC-99-99A030D,BIC-99A030D-D613M1,MOTOR FOR CRIMPING LEFT 1 PPE LINE D,1
465,BIC-99-99A030D,BIC-99A030D-D613M2,MOTOR FOR CRIMPING LEFT 2 PPE LINE D,1
466,BIC-99-99A030D,BIC-99A030D-D650G1,GEAR FOR FILM ROLL DRIVE FILM 1 LINE D,1
467,BIC-99-99A030D,BIC-99A030D-D650M1,MOTOR FOR FILM ROLL DRIVE FILM 1 LINE D,1
468,BIC-99-99A030D,BIC-99A030D-D705G1,GEAR FOR FILM TRANSPORT PPE LINE D,1
469,BIC-99-99A030D,BIC-99A030D-D705M1,MOTOR FOR FILM TRANSPORT PPE LINE D,1
470,BIC-99-99A030D,BIC-99A030D-D707M1,MOTOR FOR FILM SUCT. GRIP./TRANS. SIDE 1,1
471,BIC-99-99A030D,BIC-99A030D-D707M2,MOTOR FOR FILM SUCT. GRIP./TRANS. SIDE 2,1
472,BIC-99-99A030D,BIC-99A030D-D708M1,MOTOR FOR FILM SUCT. GRIP. OPPS. SIDE 1,1
473,BIC-99-99A030D,BIC-99A030D-D708M2,MOTOR FOR FILM SUCT. GRIP. OPPS. SIDE 2,1
474,BIC-99-99A030D,BIC-99A030D-D710G1,GEAR FOR FILM SUCT. GRIPPER TRAVEL DRIVE,1
475,BIC-99-99A030D,BIC-99A030D-D710M1,MOTOR FOR FILM SUCT. GRIP. TRAVEL DRIVE,1
476,BIC-99-99A030D,BIC-99A030D-D711G1,GEAR FOR FILM SUCT. GRIP. CROSS ADJ. FT,1
477,BIC-99-99A030D,BIC-99A030D-D711M1,MOTOR FOR FILM SUCT. GRIP. CROSS ADJ. FT,1
478,BIC-99-99A030D,BIC-99A030D-D712G1,GEAR FOR FILM SUCT. GRIP. CROSS ADJ. OS,1
479,BIC-99-99A030D,BIC-99A030D-D712M1,MOTOR FOR FILM SUCT. GRIP. CROSS ADJ. OS,1
480,BIC-99-99A030D,BIC-99H021D-D799G1,GEAR FOR FULL PALLET CONVEYOR PPE LINE D,1
481,BIC-99-99A030D,BIC-99H021D-D799M1,MOTOR FOR FULL PALLET CONVEYOR LINE D,1
482,BIC-99-99A030D,BIC-99H022D-D800G1,GEAR FOR PALLET CENTRING DEVIE LINE D,1
483,BIC-99-99A030D,BIC-99H022D-D800M1,MOTOR FOR PALLET CENTRING DEVIE LINE D,1
484,BIC-99-99A030D,BIC-99H022D-D801G1,GEAR FOR CONVEYOR BEFORE STRETCH HOOD,1
485,BIC-99-99A030D,BIC-99H022D-D801M1,MOTOR FOR CONVEYOR BEFORE STRETCH HOOD,1
486,BIC-99-99A030D,BIC-99H024D-D802G1,GEAR FOR CONVEYOR UNDER STRETCH HOOD,1
487,BIC-99-99A030D,BIC-99H024D-D802M1,MOTOR FOR CONVEYOR UNDER STRETCH HOOD,1
488,BIC-99-99A030D,BIC-99H025D-D804G1,GEAR FOR CONVEYOR AFTER STRETCH HOOD,1
489,BIC-99-99A030D,BIC-99H025D-D804M1,MOTOR FOR CONVEYOR AFTER STRETCH HOOD,1
490,BIC-99-99A030D,BIC-99H026D-D805G1,GEAR FOR FULL PALLET CONVEYOR PPE LINE D,1
491,BIC-99-99A030D,BIC-99H026D-D805M1,MOTOR FOR FULL PALLET CONVEYOR LINE D,1
492,BIC-99-99A030D,BIC-99H027D-D806G1,GEAR FOR FULL PALLET CONVEYOR PPE LINE D,1
493,BIC-99-99A030D,BIC-99H027D-D806M1,MOTOR FOR FULL PALLET CONVEYOR LINE D,1
494,BIC-99-99A030D,BIC-99H028D-D807G1,GEAR FOR FULL PALLET CONVEYOR PPE LINE D,1
495,BIC-99-99A030D,BIC-99H028D-D807M1,MOTOR FOR FULL PALLET CONVEYOR LINE D,1
496,BIC-99-99A030D,BIC-99H029D-D808G1,GEAR FOR FULL PALLET CONVEYOR PPE LINE D,1
497,BIC-99-99A030D,BIC-99H029D-D808M1,MOTOR FOR FULL PALLET CONVEYOR LINE D,1
498,BIC-99-99A030D,BIC-99HOOD02,STRETCH HOOD,1
499,BIC-99-99A030D,E9B-CA120-P05R-RA,SUPPLY PANEL FOR STRETCHHOOD LINE D,1
500,BIC-99-99A040,BIC-99A040-CB01,CHAIN CONVEYOR CONTROL CABINET,1
501,BIC-99-99A040,BIC-99A040-T102M1,MOTOR FOR CHAIN CONVEYOR 2,1
502,BIC-99-99A040,BIC-99A040-T103M1,MOTOR FOR CHAIN CONVEYOR 3,1
503,BIC-99-99A040,BIC-99A040-T104M1,MOTOR FOR CHAIN CONVEYOR 4,1
504,BIC-99-99A040,BIC-99A040-T105M1,MOTOR FOR CHAIN CONVEYOR 5,1
505,BIC-99-99A040,BIC-99A040-T106M1,MOTOR FOR CHAIN CONVEYOR 6,1
506,BIC-99-99A040,BIC-99A040-T107M1,MOTOR FOR CHAIN CONVEYOR 7,1
507,BIC-99-99A040,BIC-99A040-T108M1,MOTOR FOR CHAIN CONVEYOR 8,1
508,BIC-99-99A040,BIC-99A040-T109M1,MOTOR FOR TURNING DEVICE,1
509,BIC-99-99A040,BIC-99A040-T110M1,MOTOR FOR CHAIN CONVEYOR 9,1
510,BIC-99-99A040,BIC-99A040-T111M1,MOTOR FOR CHAIN CONVEYOR 10,1
511,BIC-99-99A040,BIC-99A040-T112M1,MOTOR FOR CHAIN CONVEYOR 11,1
512,BIC-99-99A040,BIC-99A040-T113M1,MOTOR FOR LIFTING MACHINE,1
513,BIC-99-99A040,BIC-99A040-T113M2,MOTOR FOR AUXILLIARY BLOWER LIFTING,1
514,BIC-99-99A040,BIC-99A040-T114M1,MOTOR FOR CHAIN CONVEYOR 12,1
515,BIC-99-99A040,BIC-99A040-T115M1,MOTOR FOR CHAIN CONVEYOR 13,1
516,BIC-99-99A040,BIC-99A040-T116M1,MOTOR FOR CHAIN CONVEYOR 14,1
517,BIC-99-99A040,BIC-99A040-T117M1,MOTOR FOR CHAIN CONVEYOR 15,1
518,BIC-99-99A040,BIC-99A040-T118M1,MOTOR FOR TABLE HYDRAULIC PUMP,1
519,BIC-99-99A040,BIC-99A040-EB01,CHAIN CONVEYOR CONTROL CABINET 99A040,1
520,BIC-99-99A040,BIC-99A040-G101,GEAR FOR UP-DOWN CONVEYOR,1
521,BIC-99-99A040,BIC-99A040-G102,GEAR FOR CHAIN CONVEYOR,1
522,BIC-99-99A040,BIC-99A040-G103,GEAR FOR CHAIN CONVEYOR,1
523,BIC-99-99A040,BIC-99A040-G104,GEAR FOR UP-DOWN CONVEYOR,1
524,BIC-99-99A040,BIC-99A040-G105,GEAR FOR UP-DOWN CONVEYOR,1
525,BIC-99-99A040,BIC-99A040-G106,GEAR FOR EMERGENCY CHAIN CONVEYOR.,1
526,BIC-99-99A040,BIC-99A040-G107,GEAR FOR CHAIN CONVEYOR,1
527,BIC-99-99A040,BIC-99A040-G108,GEAR FOR CHAIN CONVEYOR,1
528,BIC-99-99A040,BIC-99A040-G109,GEAR FOR TURNTABLE CONVEYOR,1
529,BIC-99-99A040,BIC-99A040-G110,GEAR FOR CHAIN CONVEYOR,1
530,BIC-99-99A040,BIC-99A040-G111,GEAR FOR CHAIN CONVEYOR,1
531,BIC-99-99A040,BIC-99A040-G112,GEAR FOR CHAIN CONVEYOR,1
532,BIC-99-99A040,BIC-99A040-G113,GEAR FOR LIFTER,1
533,BIC-99-99A040,BIC-99A040-G114,GEAR FOR CHAIN CONVEYOR,1
534,BIC-99-99A040,BIC-99A040-G115,GEAR FOR CHAIN CONVEYOR,1
535,BIC-99-99A040,BIC-99A040-G116,GEAR FOR CHAIN CONVEYOR,1
536,BIC-99-99A040,BIC-99A040-G117,GEAR FOR CHAIN CONVEYOR,1
537,BIC-99-99A040,BIC-99A040-T101,UP-DOWN CONVEYOR,1
538,BIC-99-99A040,BIC-99A040-T101-M1,MOTOR FOR CHAIN CONVEYOR 1 99A040,1
539,BIC-99-99A040,BIC-99A040-T102,CHAIN CONVEYOR,1
540,BIC-99-99A040,BIC-99A040-T102-M1,MOTOR FOR CHAIN CONVEYOR 2 99A040,1
541,BIC-99-99A040,BIC-99A040-T103,CHAIN CONVEYOR,1
542,BIC-99-99A040,BIC-99A040-T103-M1,MOTOR FOR CHAIN CONVEYOR 3 99A040,1
543,BIC-99-99A040,BIC-99A040-T104,UP-DOWN CONVEYOR,1
544,BIC-99-99A040,BIC-99A040-T104-M1,MOTOR FOR CHAIN CONVEYOR 4 99A040,1
545,BIC-99-99A040,BIC-99A040-T105,UP-DOWN CONVEYOR,1
546,BIC-99-99A040,BIC-99A040-T105-M1,MOTOR FOR CHAIN CONVEYOR 5 99A040,1
547,BIC-99-99A040,BIC-99A040-T106,EMERGENCY CHAIN CONVEYOR.,1
548,BIC-99-99A040,BIC-99A040-T106-M1,MOTOR FOR CHAIN CONVEYOR 6 99A040,1
549,BIC-99-99A040,BIC-99A040-T107,CHAIN CONVEYOR,1
550,BIC-99-99A040,BIC-99A040-T107-M1,MOTOR FOR CHAIN CONVEYOR 7 99A040,1
551,BIC-99-99A040,BIC-99A040-T108,CHAIN CONVEYOR,1
552,BIC-99-99A040,BIC-99A040-T108-M1,MOTOR FOR CHAIN CONVEYOR 8 99A040,1
553,BIC-99-99A040,BIC-99A040-T109,TURNTABLE CONVEYOR,1
554,BIC-99-99A040,BIC-99A040-T109-M1,MOTOR FOR TURNING DEVICE 99A040,1
555,BIC-99-99A040,BIC-99A040-T110,CHAIN CONVEYOR,1
556,BIC-99-99A040,BIC-99A040-T110-M1,MOTOR FOR CHAIN CONVEYOR 9 99A040,1
557,BIC-99-99A040,BIC-99A040-T111,CHAIN CONVEYOR,1
558,BIC-99-99A040,BIC-99A040-T111-M1,MOTOR FOR CHAIN CONVEYOR 10 99A040,1
559,BIC-99-99A040,BIC-99A040-T112,CHAIN CONVEYOR,1
560,BIC-99-99A040,BIC-99A040-T112-M1,MOTOR FOR CHAIN CONVEYOR 11 99A040,1
561,BIC-99-99A040,BIC-99A040-T113,LIFTER,1
562,BIC-99-99A040,BIC-99A040-T113-M1,MOTOR FOR LIFTING MACHINE 99A040,1
563,BIC-99-99A040,BIC-99A040-T113-M2,MOTOR FOR AUX. BLOWER LIFTING,1
564,BIC-99-99A040,BIC-99A040-T114,CHAIN CONVEYOR,1
565,BIC-99-99A040,BIC-99A040-T114-M1,MOTOR FOR CHAIN CONVEYOR 12 99A040,1
566,BIC-99-99A040,BIC-99A040-T115,CHAIN CONVEYOR,1
567,BIC-99-99A040,BIC-99A040-T115-M1,MOTOR FOR CHAIN CONVEYOR 13 99A040,1
568,BIC-99-99A040,BIC-99A040-T116,CHAIN CONVEYOR,1
569,BIC-99-99A040,BIC-99A040-T116-M1,MOTOR FOR CHAIN CONVEYOR 14 99A040,1
570,BIC-99-99A040,BIC-99A040-T117,CHAIN CONVEYOR,1
571,BIC-99-99A040,BIC-99A040-T117-M1,MOTOR FOR CHAIN CONVEYOR 15 99A040,1
572,BIC-99-99A040,BIC-99A040-T118-M1,MOTOR FOR TABLE HYDRAULIC PUMP 99A040,1
573,BIC-99-99A040,BIC-99A040-T118-P1,PUMP HYDRAULIC,1
574,BIC-99-99A040,BIC-99LIFT01,CONVEYOR,1
575,BIC-99-99A040C,BIC-99A040C-CB01,DEDUSTER CONTROL CABINET UNIT CB01,1
576,BIC-99-99A040C,BIC-99A040C-S01,DE DUSTER,1
577,BIC-99-99A040C,BIC-99AF40C-F01,BREATHER FILTER,1
578,BIC-99-99A040C,BIC-99AF60C-AF01,FILTER FOR DEDUSTING UNIT,1
579,BIC-99-99A040C,BIC-99AK60C-K01,BLOWER FOR DEDUSTING UNIT,1
580,BIC-99-99A040C,BIC-99D040C-D01,FEEDER HOPPER,1
581,BIC-99-99A040C,BIC-99DDUS03,DEDUSTER,1
582,BIC-99-99A040C,BIC-99F040C-F01,INLET FILTER,1
583,BIC-99-99A040C,BIC-99F050C-F01,DUST COLLECTOR,1
584,BIC-99-99A040C,BIC-99H040C-G01,GEAR FOR FEED PRODUCT PPE LINE C,1
585,BIC-99-99A040C,BIC-99H040C-H01,ROTARY VALVE,1
586,BIC-99-99A040C,BIC-99H040C-M01,MOTOR FOR FEED PRODUCT PPE LINE C,1
587,BIC-99-99A040C,BIC-99H050C-G01,GEAR FOR FEED FINE FLUFF PPE LINE C,1
588,BIC-99-99A040C,BIC-99H050C-H01,DUST DISCHARGE VALVE,1
589,BIC-99-99A040C,BIC-99H050C-M01,MOTOR FOR FEED FINE FLUFF PPE LINE C,1
590,BIC-99-99A040C,BIC-99K040C-K01,WASH AIR FAN,1
591,BIC-99-99A040C,BIC-99K040C-M01,MOTOR FOR WASH AIR FAN PPE LINE C,1
592,BIC-99-99A040C,BIC-99K050C-K01,EXHAUST AIR FAN,1
593,BIC-99-99A040C,BIC-99K050C-M01,MOTOR EXHAUST FAN PPE LINE C,1
594,BIC-99-99A040C,BIC-PDI991101,Inlet filter (99F040C),1
595,BIC-99-99A040C,BIC-PDI991102,Breather filter (99AF40C),1
596,BIC-99-99A040C,BIC-PDI991103,Feeder hopper (99A040C),1
597,BIC-99-99A040C,BIC-PDI991104,Dust collector (99F050C),1
598,BIC-99-99A040C,E9B-CA120-P06R-RA,SUPPLY PANEL FOR DEDUSTER UNIT LINE C,1
599,BIC-99-99A040D,BIC-99A040D-CB01,DEDUSTER CONTROL CABINET 99W040D,1
600,BIC-99-99A040D,BIC-99A040D-S01,DE DUSTER,1
601,BIC-99-99A040D,BIC-99AF40D-F01,BREATHER FILTER,1
602,BIC-99-99A040D,BIC-99AF60D-AF01,FILTER FOR DEDUSTING UNIT,1
603,BIC-99-99A040D,BIC-99AK60D-K01,BLOWER FOR DEDUSTING UNIT,1
604,BIC-99-99A040D,BIC-99D040D-D01,FEEDER HOPPER,1
605,BIC-99-99A040D,BIC-99DDUS04,DEDUSTER,1
606,BIC-99-99A040D,BIC-99F040D-F01,INLET FILTER,1
607,BIC-99-99A040D,BIC-99F050D-F01,DUST COLLECTOR,1
608,BIC-99-99A040D,BIC-99H040D-G01,GEAR FOR FEED PRODUCT PPE LINE D,1
609,BIC-99-99A040D,BIC-99H040D-H01,ROTARY VALVE,1
610,BIC-99-99A040D,BIC-99H040D-M01,MOTOR FOR FEED PRODUCT PPE LINE D,1
611,BIC-99-99A040D,BIC-99H050D-G01,GEAR FOR FEED FINE FLUFF PPE LINE D,1
612,BIC-99-99A040D,BIC-99H050D-H01,DUST DISCHARGE VALVE,1
613,BIC-99-99A040D,BIC-99H050D-M01,MOTOR FOR FEED FINE FLUFF PPE LINE D,1
614,BIC-99-99A040D,BIC-99K040D-K01,WASH AIR FAN,1
615,BIC-99-99A040D,BIC-99K040D-M01,MOTOR FOR WASH AIR FAN PPE LINE D,1
616,BIC-99-99A040D,BIC-99K050D-K01,EXHAUST AIR FAN,1
617,BIC-99-99A040D,BIC-99K050D-M01,MOTOR EXHAUST FAN PPE LINE D,1
618,BIC-99-99A040D,BIC-PDI991201,Inlet filter (99F040D),1
619,BIC-99-99A040D,BIC-PDI991202,Breather filter (99AF40D),1
620,BIC-99-99A040D,BIC-PDI991203,Feeder hopper (99A040D),1
621,BIC-99-99A040D,BIC-PDI991204,Dust collector (99A040D),1
622,BIC-99-99A040D,E9B-CA120-P06R-TA,SUPPLY PANEL FOR DEDUSTER UNIT LINE D,1
623,BIC-99-99A050A,BIC-99A050A-CB01,DEDUSTER CONTROL CABINET LINE A,1
624,BIC-99-99A050A,BIC-99A050A-EB01,DEDUSTER CONTROL CABINET LINE A 99A050A,1
625,BIC-99-99A050A,BIC-99A050A-F01,DEDUSTER,1
626,BIC-99-99A050A,BIC-99A050A-G01,GEAR FOR ROTARY VALVE 99A050A,1
627,BIC-99-99A050A,BIC-99A050A-G02,GEAR FOR ROTARY VALVE FINE FLUX 99A050A,1
628,BIC-99-99A050A,BIC-99A050A-H01,ROTARY VAVLE FOR DEDUSTER,1
629,BIC-99-99A050A,BIC-99A050A-H02,ROTARY VALVE FINE FLUX 99A050A,1
630,BIC-99-99A050A,BIC-99A050A-M01,MOTOR FOR ROTARY VALVE 99A050A,1
631,BIC-99-99A050A,BIC-99A050A-M02,MOTOR FOR ROTARY VALVE FINE FLUX 99A050A,1
632,BIC-99-99A050A,BIC-99DDUS01,DEDUSTER,1
633,BIC-99-99A050A,BIC-99F020A-F01,DUST COLLECTOR,1
634,BIC-99-99A050A,BIC-99K020A-F01,INLET FILTER WASH AIR FAN,1
635,BIC-99-99A050A,BIC-99K020A-K01,WASH AIR FAN,1
636,BIC-99-99A050A,BIC-99K020A-M01,MOTOR FOR WASH AIR FAN 99K020A,1
637,BIC-99-99A050A,BIC-99K030A-K01,EXHUAST FAN,1
638,BIC-99-99A050A,BIC-99K030A-M01,MOTOR FOR EXHAUST FAN 99K030A,1
639,BIC-99-99A050B,BIC-99A050B-CB01,DEDUSTER CONTROL CABINET LINE B,1
640,BIC-99-99A050B,BIC-99A050B-EB01,DEDUSTER CONTROL CABINET LINE B 99A050B,1
641,BIC-99-99A050B,BIC-99A050B-F01,DEDUSTER,1
642,BIC-99-99A050B,BIC-99A050B-G01,GEAR FOR ROTARY VALVE 99A050B,1
643,BIC-99-99A050B,BIC-99A050B-G02,GEAR FOR ROTARY VALVE FINE FLUX 99A050B,1
644,BIC-99-99A050B,BIC-99A050B-H01,ROTARY VAVLE FOR DE DUSTER,1
645,BIC-99-99A050B,BIC-99A050B-H02,ROTARY VALVE FINE FLUX 99A050B,1
646,BIC-99-99A050B,BIC-99A050B-M01,MOTOR FOR ROTARY VALVE 99A050B,1
647,BIC-99-99A050B,BIC-99A050B-M02,MOTOR FOR ROTARY VALVE FINE FLUX 99A050B,1
648,BIC-99-99A050B,BIC-99DDUS02,DEDUSTER,1
649,BIC-99-99A050B,BIC-99F020B-F01,DUST COLLECTOR,1
650,BIC-99-99A050B,BIC-99K020B-K01,WASH AIR FAN,1
651,BIC-99-99A050B,BIC-99K020B-M01,MOTOR FOR WASH AIR FAN 99K020B,1
652,BIC-99-99A050B,BIC-99K030B-K01,EXHAUST FAN,1
653,BIC-99-99A050B,BIC-99K030B-M01,MOTOR FOR EXHAUST FAN 99K030B,1
654,BIC-99-99A050B,BIC-99KF020B-F01,INLET FILTER WASH AIR FAN,1
655,BIC-99-99H010A,BIC-99H010A-D407G1,GEAR FOR FLAT BELT CONVEYOR 99H010A,1
656,BIC-99-99H010A,BIC-99H010A-D407M1,MOTOR FOR FLAT BELT CONVEYOR 99H010A,1
657,BIC-99-99H010A,BIC-99H010A-H01,FLAT BELT CONVEYOR,1
658,BIC-99-99H010B,BIC-99H010B-D407G1,GEAR FOR FLAT BELT CONVEYOR 99H010B,1
659,BIC-99-99H010B,BIC-99H010B-D407M1,MOTOR FOR FLAT BELT CONVEYOR 99H010B,1
660,BIC-99-99H010B,BIC-99H010B-H01,FLAT BELT CONVEYOR,1
661,BIC-99-99H011A,BIC-99H011A-D408G1,GEAR FOR BAG FLATTENER 99H011A,1
662,BIC-99-99H011A,BIC-99H011A-D408M1,MOTOR FOR BAG FLATTENER 99H011A,1
663,BIC-99-99H011A,BIC-99H011A-H01,BAG FLATTENER BELT,1
664,BIC-99-99H011B,BIC-99H011B-D408G1,GEAR FOR BAG FLATTENER 99H011B,1
665,BIC-99-99H011B,BIC-99H011B-D408M1,MOTOR FOR BAG FLATTENER 99H011B,1
666,BIC-99-99H011B,BIC-99H011B-H01,BAG FLATTENER BELT,1
667,BIC-99-99H012A,BIC-99H012A-D406G1,GEAR FOR CURVE CONVEYOR 99H012A,1
668,BIC-99-99H012A,BIC-99H012A-D406M1,MOTOR FOR CURVE CONVEYOR 99H012A,1
669,BIC-99-99H012A,BIC-99H012A-H01,TRANSPORT BELT (CURVE),1
670,BIC-99-99H012B,BIC-99H012B-D406G1,GEAR FOR CURVE CONVEYOR 99H012B,1
671,BIC-99-99H012B,BIC-99H012B-D406M1,MOTOR FOR CURVE CONVEYOR 99H012B,1
672,BIC-99-99H012B,BIC-99H012B-H01,TRANSPORT BELT (CURVE),1
673,BIC-99-99H013B,BIC-99H013B-D405G1,GEAR FOR FLAT BELT CONVEYOR 99H013B,1
674,BIC-99-99H013B,BIC-99H013B-D405M1,MOTOR FOR FLAT BELT CONVEYOR 99H013B,1
675,BIC-99-99H013B,BIC-99H013B-H01,TRANSPORT BELT,1
676,BIC-99-99H015A,BIC-99H015A-D401G1,GEAR FOR CURVE CONVEYOR 99H015A,1
677,BIC-99-99H015A,BIC-99H015A-D401M1,MOTOR FOR CURVE CONVEYOR 99H015A,1
678,BIC-99-99H015A,BIC-99H015A-H01,TRANSPORT BELT (CURVE),1
679,BIC-99-99H015B,BIC-99H015B-D401G1,GEAR FOR CURVE CONVEYOR 99H015B,1
680,BIC-99-99H015B,BIC-99H015B-D401M1,MOTOR FOR CURVE CONVEYOR 99H015B,1
681,BIC-99-99H015B,BIC-99H015B-H01,TRANSPORT BELT (CURVE),1
682,BIC-99-99H016A,BIC-99H016A-D400G1,GEAR FOR TROUGHED BELT CONVEYOR 99H016A,1
683,BIC-99-99H016A,BIC-99H016A-D400M1,MOTOR FOR TROUGHED BELT CONVEYOR 99H016A,1
684,BIC-99-99H016A,BIC-99H016A-H01,TRANSPORT BELT (INCLINED),1
685,BIC-99-99H016B,BIC-99H016B-D400G1,GEAR FOR TROUGHED BELT CONVEYOR 99H016B,1
686,BIC-99-99H016B,BIC-99H016B-D400M1,MOTOR FOR TROUGHED BELT CONVEYOR 99H016B,1
687,BIC-99-99H016B,BIC-99H016B-H01,TRANSPORT BELT (INCLINED),1
688,BIC-99-99H017A,BIC-99H017A-H01,ROLLER CONVEYOR (INFEED),1
689,BIC-99-99H017B,BIC-99H017B-H01,ROLLER CONVEYOR (INFEED),1
690,BIC-99-99H018A,BIC-99H018A-D00G1,GEAR FOR TIMING BELT 99H018A,1
691,BIC-99-99H018A,BIC-99H018A-D00M1,MOTOR FOR TIMING BELT 99H018A,1
692,BIC-99-99H018A,BIC-99H018A-D01M1,MOTOR FOR VIBRATOR 99H018A,1
693,BIC-99-99H018A,BIC-99H018A-D01M2,MOTOR FOR VIBRATOR 99H018A,1
694,BIC-99-99H018A,BIC-99H018A-H01,PRESS BELT,1
695,BIC-99-99H018B,BIC-99H018B-D00G1,GEAR FOR TIMING BELT 99H018B,1
696,BIC-99-99H018B,BIC-99H018B-D00M1,MOTOR FOR TIMING BELT 99H018B,1
697,BIC-99-99H018B,BIC-99H018B-D01M1,MOTOR FOR VIBRATOR 99H018B,1
698,BIC-99-99H018B,BIC-99H018B-D01M2,MOTOR FOR VIBRATOR 99H018B,1
699,BIC-99-99H018B,BIC-99H018B-H01,PRESS BELT,1
700,BIC-99-99H019A,BIC-99H019A-D100G1,GEAR FOR PALLET ROL. COVY. BEHIND HOIST,1
701,BIC-99-99H019A,BIC-99H019A-D100M1,MOTOR FOR PALLET ROL. COVY. BEHIND HOIST,1
702,BIC-99-99H019A,BIC-99H019A-H01,ROLLER CONVEYOR,1
703,BIC-99-99H019B,BIC-99H019B-D100G1,GEAR FOR PALLET ROL. COVY. BEHIND HOIST,1
704,BIC-99-99H019B,BIC-99H019B-D100M1,MOTOR FOR PALLET ROL. COVY. BEHIND HOIST,1
705,BIC-99-99H019B,BIC-99H019B-H01,ROLLER CONVEYOR,1
706,BIC-99-99H020A,BIC-99H020A-D800G1,GEAR FOR PALLET COVY. AT WRAPPER,1
707,BIC-99-99H020A,BIC-99H020A-D800M1,MOTOR FOR PALLET COVY. AT WRAPPER,1
708,BIC-99-99H020A,BIC-99H020A-H01,ROLLER CONVEYOR,1
709,BIC-99-99H020B,BIC-99H020B-D800G1,GEAR FOR PALLET COVY. AT WRAPPER,1
710,BIC-99-99H020B,BIC-99H020B-D800M1,MOTOR FOR PALLET COVY. AT WRAPPER,1
711,BIC-99-99H020B,BIC-99H020B-H01,ROLLER CONVEYOR,1
712,BIC-99-99H021A,BIC-99H021A-D801G1,GEAR FOR PALLET COVY. AFTER WRAPPER,1
713,BIC-99-99H021A,BIC-99H021A-D801M1,MOTOR FOR PALLET COVY. AFTER WRAPPER,1
714,BIC-99-99H021A,BIC-99H021A-H01,ROLLER CONVEYOR,1
715,BIC-99-99H021B,BIC-99H021B-D801G1,GEAR FOR PALLET COVY. AFTER WRAPPER,1
716,BIC-99-99H021B,BIC-99H021B-D801M1,MOTOR FOR PALLET COVY. AFTER WRAPPER,1
717,BIC-99-99H021B,BIC-99H021B-H01,ROLLER CONVEYOR,1
718,BIC-99-99H022A,BIC-99H022A-D802G1,GEAR FOR FULL PALLET ROLLER CONVEYOR 2,1
719,BIC-99-99H022A,BIC-99H022A-D802M1,MOTOR FOR FULL PALLET ROLLER CONVEYOR 2,1
720,BIC-99-99H022A,BIC-99H022A-H01,ROLLER CONVEYOR,1
721,BIC-99-99H022B,BIC-99H022B-D802G1,GEAR FOR FULL PALLET ROLLER CONVEYOR 2,1
722,BIC-99-99H022B,BIC-99H022B-D802M1,MOTOR FOR FULL PALLET ROLLER CONVEYOR 2,1
723,BIC-99-99H022B,BIC-99H022B-H01,ROLLER CONVEYOR,1
724,BIC-99-99H023A,BIC-99H023A-D803G1,GEAR FOR FULL PALLET ROLLER CONVEYOR 3,1
725,BIC-99-99H023A,BIC-99H023A-D803M1,MOTOR FOR FULL PALLET ROLLER CONVEYOR 3,1
726,BIC-99-99H023A,BIC-99H023A-H01,ROLLER CONVEYOR,1
727,BIC-99-99H023B,BIC-99H023B-D803G1,GEAR FOR FULL PALLET ROLLER CONVEYOR 3,1
728,BIC-99-99H023B,BIC-99H023B-D803M1,MOTOR FOR FULL PALLET ROLLER CONVEYOR 3,1
729,BIC-99-99H023B,BIC-99H023B-H01,ROLLER CONVEYOR,1
730,BIC-99-99H024A,BIC-99H024A-D804G1,GEAR FOR FULL PALLET ROLLER CONVEYOR 4,1
731,BIC-99-99H024A,BIC-99H024A-D804M1,MOTOR FOR FULL PALLET ROLLER CONVEYOR 4,1
732,BIC-99-99H024A,BIC-99H024A-H01,ROLLER CONVEYOR,1
733,BIC-99-99H024B,BIC-99H024B-D804G1,GEAR FOR FULL PALLET ROLLER CONVEYOR 4,1
734,BIC-99-99H024B,BIC-99H024B-D804M1,MOTOR FOR FULL PALLET ROLLER CONVEYOR 4,1
735,BIC-99-99H024B,BIC-99H024B-H01,ROLLER CONVEYOR,1
736,BIC-99-99S010A,BIC-99H014A-H01,TRANSPORT BELT,1
737,BIC-99-99S010A,BIC-99H014A-M01,MOTOR FOR TRANSPORT BELT,1
738,BIC-99-99S010A,BIC-99METL01,METAL DETECTOR,1
739,BIC-99-99S010A,BIC-99S010A-D404G1,GEAR FOR METAL DETECTOR BELT 99S010A,1
740,BIC-99-99S010A,BIC-99S010A-D404M1,MOTOR FOR METAL DETECTOR BELT 99S010A,1
741,BIC-99-99S010A,BIC-99S010A-S01,METAL DETECTOR,1
742,BIC-99-99S010B,BIC-99H014B-H01,TRANSPORT BELT,1
743,BIC-99-99S010B,BIC-99H014B-M01,MOTOR FOR TRANSPORT BELT,1
744,BIC-99-99S010B,BIC-99METL02,METAL DETECTOR,1
745,BIC-99-99S010B,BIC-99S010B-D404G1,GEAR FOR METAL DETECTOR BELT 99S010B,1
746,BIC-99-99S010B,BIC-99S010B-D404M1,MOTOR FOR METAL DETECTOR BELT 99S010B,1
747,BIC-99-99S010B,BIC-99S010B-S01,METAL DETECTOR,1
748,BIC-99-99S010C,BIC-99METL04,METAL DETECTOR,1
749,BIC-99-99S010C,BIC-99S010C-S01,METAL DETECTOR,1
750,BIC-99-99S010C,BIC-99S011C-S01,PUSHER,1
751,BIC-99-99S010C,BIC-99S012C-S01,METAL SEPARATOR,1
752,BIC-99-99S010D,BIC-99METL05,METAL DETECTOR,1
753,BIC-99-99S010D,BIC-99S010D-S01,METAL DETECTOR,1
754,BIC-99-99S010D,BIC-99S011D-D01,PUSHER,1
755,BIC-99-99S010D,BIC-99S012D-D01,METAL SEPARATOR,1
756,BIC-99-99S011A,BIC-99S011A-D402G1,GEAR FOR EJECTION BELT 99S011A,1
757,BIC-99-99S011A,BIC-99S011A-D402M1,MOTOR FOR EJECTION BELT 99S011A,1
758,BIC-99-99S011A,BIC-99S011A-S01,PUSHER WITH TRANSFE BELT,1
759,BIC-99-99S011B,BIC-99S011B-D402G1,GEAR FOR EJECTION BELT 99S011B,1
760,BIC-99-99S011B,BIC-99S011B-D402M1,MOTOR FOR EJECTION BELT 99S011B,1
761,BIC-99-99S011B,BIC-99S011B-S01,PUSHER WITH TRANSFE BELT,1
762,BIC-99-99S050,BIC-99METL03,METAL DETECTOR.,1
763,BIC-99-99S050,BIC-99S0050-S01,METAL DETECTOR JUMBO BAG.BIC(PP3),1
764,BIC-99-99W011A,BIC-99W011A-D403M1,MOTOR FOR ONLINE WEIGHER BELT 99W011A,1
765,BIC-99-99W011A,BIC-99W011A-W01,ONLINE-WEIGHING MACHINE,1
766,BIC-99-99W011A,BIC-99WO01,WEIGHT CHECKER,1
767,BIC-99-99W011B,BIC-99W011B-D403M1,MOTOR FOR ONLINE WEIGHER BELT 99W011B,1
768,BIC-99-99W011B,BIC-99W011B-W01,WEIGHING MACHINE,1
769,BIC-99-99W011B,BIC-99WO02,WEIGHT CHECKER,1
770,BIC-99-99W050A,BIC-99W050A-CB01,JUMBO BAGGING CONTROL CABINET LINE A,1
771,BIC-99-99W050A,BIC-99JBAG01,JUMBO BAGGING MACHINE.,1
772,BIC-99-99W050A,BIC-99W050A-EB01,JUMBO BAGGING CONTROL CABINET LINE A,1
773,BIC-99-99W050A,BIC-99W050A-G01,GEAR FOR PALLET FORK 99W050A,1
774,BIC-99-99W050A,BIC-99W050A-G02,GEAR FOR ROLLER CONVEYOR 1 99W050A,1
775,BIC-99-99W050A,BIC-99W050A-G03,GEAR FOR ROLLER CONVEYOR 2 99W050A,1
776,BIC-99-99W050A,BIC-99W050A-G04,GEAR FOR ROLLER CONVEYOR 3 99W050A,1
777,BIC-99-99W050A,BIC-99W050A-G05,GEAR FOR ROLLER CONVEYOR HOISTING TABLE,1
778,BIC-99-99W050A,BIC-99W050A-K06,BLOWER FINE FLUX 99W050A,1
779,BIC-99-99W050A,BIC-99W050A-M01,MOTOR FOR PALLET FORK 99W050A,1
780,BIC-99-99W050A,BIC-99W050A-M02,MOTOR FOR ROLLER CONVEYOR 1 99W050A,1
781,BIC-99-99W050A,BIC-99W050A-M03,MOTOR FOR ROLLER CONVEYOR 2 99W050A,1
782,BIC-99-99W050A,BIC-99W050A-M04,MOTOR FOR ROLLER CONVEYOR 3 99W050A,1
783,BIC-99-99W050A,BIC-99W050A-M05,MOTOR FOR ROLLER CONVEYOR HOISTING TABLE,1
784,BIC-99-99W050A,BIC-99W050A-M06,MOTOR FOR BLOWER FINE FLUX 99W050A,1
785,BIC-99-99W050A,BIC-99W050A-W01,JUMBO MACHINE,1
786,BIC-99-99W050A,BIC-99WS05,WEIGHT SCALE,1
787,BIC-99-AIR,BIC-E028,AIR CONTROL BAGGING LINE C-L PPE,1
788,BIC-99-AIR,BIC-E029,AIR CONTROL BAGGING LINE C-R PPE,1
789,BIC-99-AIR,BIC-E030,AIR CONTROL WEIGHT ON LINE C PPE,1
790,BIC-99-AIR,BIC-E031,AIR CONTROL PALLETIZER LINE C PPE,1
791,BIC-99-AIR,BIC-E032,AIR CONTROL STRETCH HOOD LINE C PPE,1
792,BIC-99-AIR,BIC-E033,AIR CONTROL BAGGING LINE C PPE,1
793,BIC-99-AIR,BIC-E034,AIR CONTROL BAGGING LINE D-L PPE,1
794,BIC-99-AIR,BIC-E035,AIR CONTROL BAGGING LINE D-R PPE,1
795,BIC-99-AIR,BIC-E036,AIR CONTROL WEIGHT ON LINE D PPE,1
796,BIC-99-AIR,BIC-E037,AIR CONTROL PALLETIZER LINE D PPE,1
797,BIC-99-AIR,BIC-E038,AIR CONTROL STRETCH HOOD LINE D PPE,1
798,BIC-99-AIR,BIC-E039,AIR CONTROL BAGGING LINE D PPE,1
799,BIC-99-GROUND,BIC-G-99-1,GROUND BOX BIC-G-99/1 +0.00M,1
800,BIC-99-GROUND,BIC-G-99-2,GROUND BOX BIC-G-99/2 +0.00M,1
801,BIC-99-GROUND,BIC-G-99-3,GROUND BOX BIC-G-99/3 +0.00M,1
